pnl_date,company_code,account,cost_code,product_id,counterparty_id,balance
2023-06-30,0665,143240746,5823,428016929,348366643,772.07
2023-05-31,0302,698933265,2234,739407747,588597840,452.82
2023-03-31,0665,177499021,5823,512870535,834200200,606.31
2023-04-30,0302,970563209,1234,238365306,588597840,245.13
2023-03-31,0201,895511247,7424,282155178,529024972,812.23
2023-01-31,0665,546163238,2356,238365306,412546039,234.14
2023-01-31,0571,208918405,9012,493017644,827796040,539.69
2023-06-30,5621,163678420,2356,359510045,610714216,137.57
2023-04-30,0665,891920885,5678,205687000,834200200,489.36
2023-01-31,0302,913005072,9012,124943561,953925779,503.78
2023-05-31,0665,580417197,7424,415417202,843652402,82.88
2023-05-31,0302,895511247,2234,301815562,773696291,231.43
2023-02-28,0571,806056648,3456,506290741,818940325,913.8
2023-03-31,0201,653590665,9012,235694417,492158011,663.97
2023-02-28,0201,983412199,7424,474576982,949916792,127.77
2023-05-31,0201,208918405,7424,423529782,583745254,879.56
2023-03-31,0302,369406806,9012,408359201,877896928,568.85
2023-03-31,0665,843622408,2234,575841422,100589409,64.54
2023-03-31,0665,227766580,2356,410028605,651403726,590.07
2023-06-30,0201,321613857,7424,499966358,790201742,133.9
2023-06-30,0665,555623020,3456,205687000,757844153,922.18
2023-04-30,0302,179633451,5678,644980446,570991243,265.92
2023-02-28,0201,653590665,5678,778226389,118521040,956.08
2023-01-31,0571,171955074,5823,721237721,791805922,752.28
2023-04-30,0201,521356542,7424,256805013,121225698,545.34
2023-05-31,5621,555704128,3456,721237721,757844153,591.26
2023-06-30,0302,995361430,9012,238365306,843652402,685.46
2023-06-30,0665,792002240,5678,439202632,867195359,575.08
2023-04-30,0571,208918405,9012,406269569,877896928,43.53
2023-03-31,0302,179633451,7424,642332086,827419484,678.02
2023-02-28,5621,653590665,3456,610401574,651403726,489.1
2023-05-31,0571,995361430,2577,717120511,222882236,4.1
2023-01-31,0571,852119071,2577,470605313,697230156,25.97
2023-06-30,0201,465609300,2577,260322027,651403726,807.99
2023-05-31,5621,580417197,2577,914715792,316363682,943.37
2023-03-31,0201,555623020,1234,988500997,747433087,524.04
2023-05-31,0201,187145630,2356,387639390,518914770,464.76
2023-05-31,5621,653590665,5678,721237721,492158011,163.45
2023-05-31,0201,314971558,9012,911558663,202138182,233.97
2023-06-30,0571,410783207,2234,470605313,818940325,754.57
2023-01-31,0571,369369180,5823,804732485,305426896,467.91
2023-04-30,0571,950192879,7424,205687000,489643959,441.35
2023-04-30,0302,995361430,5823,260322027,888048225,520.71
2023-01-31,0302,369369180,2577,804732485,110359707,549.58
2023-01-31,0201,115005257,7424,507531779,118521040,123.24
2023-02-28,0571,884948936,2356,583125965,949916792,698.38
2023-01-31,0302,653590665,2356,998131360,568730453,316.96
2023-01-31,5621,305935109,5823,672710925,100589409,349.05
2023-02-28,0665,843622408,7890,250750259,317804827,940.34
2023-06-30,0201,910419512,7424,748327378,495127077,812.37
2023-02-28,0665,501045860,5678,613440547,604888822,936.13
2023-04-30,0665,939144053,2356,410028605,854096059,116.13
2023-02-28,5621,950192879,7424,644980446,609537480,240.97
2023-03-31,0571,598026837,2356,474576982,121225698,512.5
2023-04-30,0201,564165457,2356,323025841,831818258,461.97
2023-03-31,0201,970563209,7890,410028605,356869281,577.29
2023-05-31,0302,672882839,7890,717120511,880727012,122.97
2023-03-31,0665,592882768,9012,421652749,888048225,47.18
2023-04-30,0201,910419512,5678,748327378,791805922,592.56
2023-01-31,0571,786613828,2234,674537687,550529745,621.79
2023-01-31,0302,143678159,7424,499708557,183438225,399.77
2023-05-31,5621,970889017,3456,387639390,831818258,353.66
2023-02-28,5621,580417197,2356,410028605,197265755,764.33
2023-01-31,0302,103197696,7890,778226389,110359707,154.69
2023-04-30,5621,436863493,7424,686235247,495127077,114.68
2023-02-28,5621,843622408,2356,585343231,681721198,656.1
2023-03-31,0302,919592637,5678,978156858,747505696,409.67
2023-01-31,0665,521356542,7424,845083555,604888822,599.97
2023-04-30,0571,185001664,2234,956527439,492158011,672.2
2023-04-30,0201,592882768,2356,674537687,951773903,224.64
2023-05-31,5621,744304328,1234,491112888,583745254,708.28
2023-05-31,0571,653590665,5823,474576982,588597840,518.19
2023-06-30,5621,891920885,9012,278354073,518914770,539.69
2023-04-30,0665,983412199,9012,401481033,582950367,683.2
2023-05-31,0665,143678159,7424,591248459,792148044,410.45
2023-02-28,0571,156711913,7424,980675027,118521040,389.0
2023-04-30,0571,806056648,2577,845083555,316363682,654.17
2023-04-30,5621,580417197,1234,845800205,764998338,208.13
2023-05-31,0302,919592637,7890,499966358,845811110,965.39
2023-02-28,0201,742610615,2356,493017644,951773903,832.13
2023-02-28,0665,163678420,7424,263397313,604888822,626.42
2023-01-31,0302,598026837,2234,844812260,272210151,619.29
2023-05-31,0571,143240746,1234,493017644,715715593,423.18
2023-02-28,0201,628150902,2356,512870535,884269192,158.65
2023-02-28,0665,970563209,7424,804732485,764998338,925.61
2023-02-28,0571,802152288,2356,421652749,773696291,552.67
2023-03-31,0201,138658150,5678,686235247,827796040,803.9
2023-04-30,0302,185001664,5678,278354073,827796040,930.14
2023-05-31,0302,392265189,2356,575841422,880727012,842.13
2023-06-30,5621,720924761,5678,251026953,316363682,822.54
2023-01-31,5621,298692604,7890,998131360,831818258,993.8
2023-01-31,5621,369406806,7424,949373126,926366887,268.61
2023-01-31,5621,817970411,5678,506290741,495127077,285.51
2023-04-30,0201,321613857,2577,988500997,679772904,987.05
2023-06-30,0665,742610615,3456,920475997,521085786,763.28
2023-05-31,0571,974140527,3456,581551995,792148044,770.08
2023-02-28,0665,227766580,7890,998131360,715715593,771.33
2023-01-31,5621,531133922,2577,949373126,529024972,311.91
2023-02-28,0665,377551316,5823,299443962,759687582,11.11
2023-04-30,0302,434706062,5823,278895108,281808972,96.3
2023-03-31,0201,655813212,2356,493017644,502877995,795.92
2023-01-31,0665,653590665,7890,765586978,740955779,305.87
2023-02-28,0571,913005072,5823,410028605,401264175,222.36
2023-04-30,0571,227766580,7890,956527439,792567442,757.41
2023-04-30,0201,802152288,2577,406269569,953925779,181.87
2023-06-30,0571,115005257,9012,702414926,655734251,616.37
2023-04-30,0571,305025023,2577,778226389,610714216,893.22
2023-01-31,0665,580417197,3456,583125965,348366643,924.49
2023-06-30,0665,826851821,1234,334084077,747433087,192.06
2023-04-30,0201,163678420,2577,778226389,137684240,55.0
2023-01-31,0201,314971558,2577,838823522,495127077,167.99
2023-05-31,0201,138658150,7424,949373126,305426896,477.95
2023-02-28,5621,369369180,7890,408359201,588597840,851.53
2023-02-28,0302,521356542,2577,499708557,157244949,471.16
2023-05-31,0201,179633451,3456,804732485,151764769,109.83
2023-04-30,0302,624799992,7890,845800205,834242515,657.16
2023-02-28,0571,910419512,2577,610401574,827796040,695.16
2023-04-30,0571,138658150,2234,299443962,908872312,684.13
2023-03-31,0665,852119071,2234,256805013,546938782,119.94
2023-01-31,0201,410783207,3456,506290741,953925779,156.8
2023-06-30,0302,521356542,3456,499708557,491820137,509.77
2023-02-28,0665,600902216,2234,256805013,389056745,483.34
2023-05-31,5621,774108635,3456,610401574,206832272,626.04
2023-01-31,0302,333697217,9012,256805013,740955779,394.2
2023-02-28,0302,429432913,7890,120127236,336715105,704.43
2023-06-30,0571,598026837,9012,625497923,949916792,689.23
2023-06-30,5621,817970411,1234,851266122,110359707,411.48
2023-06-30,0665,774108635,2234,299443962,884269192,863.53
2023-01-31,0665,177499021,5678,464001568,277732757,977.01
2023-04-30,0665,138658150,2577,205687000,951773903,22.69
2023-03-31,0571,852119071,7424,408359201,495127077,180.01
2023-04-30,0665,494191692,5678,995722838,482160641,717.23
2023-06-30,0201,436863493,2577,410028605,788309128,33.21
2023-05-31,0665,698933265,2577,410028605,791805922,106.94
2023-06-30,0571,974140527,2234,755697856,629567273,552.38
2023-04-30,0302,910419512,7890,260322027,790201742,598.47
2023-05-31,5621,628150902,2234,804732485,183438225,634.62
2023-01-31,0201,598026837,5678,736547641,781144501,131.62
2023-05-31,5621,777405081,9012,778226389,202138182,46.09
2023-05-31,5621,115005257,5823,285940730,157244949,964.46
2023-06-30,0201,427449783,3456,988500997,651403726,516.77
2023-02-28,0665,392265189,3456,470605313,568730453,223.08
2023-02-28,0201,115005257,1234,323025841,546938782,770.18
2023-05-31,0665,333697217,7424,507531779,747505696,474.11
2023-01-31,0302,950192879,5678,478127330,110359707,740.69
2023-02-28,0201,369369180,2234,285940730,791805922,53.88
2023-03-31,0201,720924761,9012,263397313,845811110,109.55
2023-04-30,0201,786613828,1234,678752854,128546034,409.27
2023-04-30,0302,970889017,2234,736547641,118521040,976.05
2023-05-31,0302,891920885,5823,205687000,482190583,577.17
2023-04-30,0665,208918405,9012,406269569,818940325,635.22
2023-01-31,0201,429432913,2234,421652749,277732757,93.88
2023-04-30,0201,424006525,3456,248159429,121225698,751.27
2023-04-30,5621,672882839,3456,406269569,773696291,598.45
2023-01-31,0201,494191692,7424,949373126,747433087,671.21
2023-04-30,0665,521356542,2577,625497923,788309128,18.14
2023-05-31,0302,356561143,9012,956527439,791805922,282.87
2023-03-31,0201,521356542,7890,956527439,396227160,760.93
2023-01-31,0302,598026837,2577,301815562,316363682,934.5
2023-01-31,5621,939144053,3456,250750259,518914770,126.08
2023-06-30,0302,919592637,5823,672710925,610714216,476.82
2023-02-28,0201,140268339,2234,251026953,953925779,394.29
2023-04-30,0665,177499021,3456,278895108,128546034,765.29
2023-01-31,5621,774108635,1234,248159429,274861627,506.73
2023-06-30,0571,298692604,9012,995722838,521085786,330.16
2023-02-28,0201,910419512,1234,282155178,951773903,131.84
2023-01-31,5621,501045860,1234,838823522,277732757,23.34
2023-01-31,0302,653590665,9012,739407747,788309128,678.87
2023-06-30,0302,691171441,1234,845800205,604888822,220.94
2023-01-31,0302,624799992,1234,610401574,655734251,771.13
2023-02-28,0201,429432913,5678,393396080,773696291,46.43
2023-02-28,0571,884948936,5678,506290741,679772904,507.43
2023-02-28,0201,939144053,1234,464001568,866099618,221.89
2023-02-28,0302,802152288,5823,642332086,222882236,21.29
2023-04-30,5621,707529686,2356,575841422,880727012,496.65
2023-04-30,5621,410783207,5678,299443962,792567442,192.25
2023-01-31,0302,600902216,5678,736547641,274861627,582.4
2023-04-30,0571,198954142,5678,978156858,582950367,841.8
2023-01-31,5621,283382967,5823,844812260,788309128,558.48
2023-03-31,0571,369406806,2234,670630437,274861627,889.73
2023-01-31,0201,648219770,2577,870375904,348366643,908.11
2023-03-31,0571,185001664,3456,238365306,843652402,92.79
2023-03-31,0571,436863493,7424,415417202,845811110,591.08
2023-03-31,5621,247762792,5823,278354073,495127077,367.61
2023-01-31,0665,198954142,1234,755697856,151764769,831.12
2023-04-30,0201,115005257,5823,171046707,740955779,724.75
2023-04-30,5621,555623020,7890,527071663,222882236,394.57
2023-06-30,5621,227766580,5678,949373126,746728084,694.18
2023-03-31,0302,655813212,5823,727911412,151764769,902.45
2023-04-30,0571,377551316,2234,278354073,888048225,393.45
2023-01-31,5621,377551316,7890,120127236,367023919,60.29
2023-03-31,0201,817970411,5823,470605313,999817293,173.81
2023-06-30,0302,305935109,7424,251026953,629567273,875.67
2023-04-30,0571,122512545,7424,765586978,482190583,417.69
2023-04-30,0665,786613828,3456,316733093,629567273,15.88
2023-03-31,5621,802152288,3456,423529782,551261601,317.69
2023-04-30,0201,392265189,2356,613440547,888048225,237.52
2023-03-31,5621,970889017,7890,845800205,222882236,0.63
2023-03-31,5621,187145630,9012,765586978,609537480,968.97
2023-01-31,0665,732585066,7424,120127236,588597840,600.04
2023-04-30,0665,564165457,5678,610401574,880727012,87.7
2023-03-31,0665,377551316,2356,260322027,274861627,855.23
2023-05-31,0201,140268339,2356,512870535,272210151,173.08
2023-05-31,0201,792002240,7890,851266122,655734251,754.79
2023-04-30,0302,919592637,2577,838823522,151764769,610.53
2023-03-31,0302,121542635,9012,464001568,854096059,610.81
2023-06-30,5621,913979530,3456,316733093,157244949,570.54
2023-03-31,0201,774108635,2356,238365306,740955779,278.3
2023-03-31,0201,171955074,5678,838823522,951773903,273.0
2023-06-30,0201,143678159,9012,478127330,568730453,849.46
2023-03-31,0665,707529686,9012,282155178,477051633,613.94
2023-05-31,0665,245029085,5823,464001568,994693807,956.96
2023-06-30,5621,950192879,7890,581551995,336715105,960.43
2023-05-31,5621,531133922,7890,914715792,746728084,948.38
2023-01-31,0201,798561769,2577,678752854,356869281,368.7
2023-01-31,5621,798561769,7424,323025841,994693807,332.09
2023-04-30,0302,698933265,5823,804732485,376769124,573.13
2023-04-30,5621,672882839,1234,671832834,482160641,124.2
2023-05-31,0302,115005257,7890,235694417,277732757,10.02
2023-04-30,5621,140268339,5823,645581004,546938782,701.31
2023-02-28,5621,531133922,5678,671832834,348366643,41.54
2023-02-28,0571,247762792,2234,410028605,757844153,218.81
2023-06-30,0201,598026837,1234,408359201,492158011,90.46
2023-02-28,0665,429432913,5823,989471530,376769124,527.9
2023-04-30,0571,555704128,7890,439202632,740955779,186.05
2023-03-31,0302,648219770,1234,591248459,908872312,169.83
2023-05-31,0665,546163238,3456,506290741,908872312,990.56
2023-02-28,0665,103197696,2577,499966358,401264175,641.38
2023-06-30,0302,321613857,5678,727911412,489643959,906.84
2023-03-31,0571,305025023,9012,697105773,389056745,98.61
2023-04-30,0302,465609300,1234,238365306,747433087,681.31
2023-04-30,0665,995361430,2356,989471530,951773903,60.26
2023-04-30,0201,102712536,5678,421652749,827419484,443.31
2023-02-28,0665,143678159,3456,998131360,827796040,406.98
2023-01-31,0201,245029085,1234,727911412,759687582,584.81
2023-02-28,0302,624799992,2577,238365306,588597840,554.12
2023-06-30,0302,115005257,9012,401481033,491952685,985.66
2023-03-31,0571,227766580,2577,282155178,681721198,966.07
2023-02-28,5621,143240746,2577,506290741,529024972,979.21
2023-06-30,0302,910419512,2234,499966358,305426896,209.03
2023-04-30,0201,546163238,2577,995722838,336715105,226.59
2023-02-28,0201,802152288,1234,250750259,492158011,828.21
2023-03-31,0201,674088167,3456,260322027,118521040,318.48
2023-03-31,5621,494191692,3456,838823522,908872312,766.6
2023-02-28,0302,410783207,5823,912350028,482160641,267.35
2023-04-30,5621,245029085,2356,697105773,908872312,126.21
2023-04-30,0665,555623020,5823,884393997,110359707,137.11
2023-04-30,5621,628150902,5678,671832834,715715593,247.33
2023-04-30,0571,434706062,2577,670630437,202138182,135.66
2023-05-31,5621,983412199,5823,285940730,773696291,452.99
2023-03-31,5621,698933265,1234,393396080,576648987,384.14
2023-05-31,0665,910419512,1234,301815562,157244949,463.22
2023-03-31,0571,744304328,1234,124943561,759687582,633.39
2023-05-31,0302,427449783,7424,804732485,759687582,944.72
2023-04-30,0302,143678159,2234,248159429,576648987,330.35
2023-04-30,0201,122512545,2577,845800205,495127077,519.46
2023-03-31,0201,429432913,1234,248159429,206832272,360.39
2023-04-30,0571,939144053,5678,642332086,747505696,180.92
2023-02-28,0201,891920885,3456,393396080,792148044,38.16
2023-01-31,0665,429432913,5823,285940730,999817293,769.8
2023-02-28,0665,298692604,1234,739407747,551261601,312.31
2023-06-30,0665,732585066,5678,670630437,206832272,45.21
2023-04-30,5621,648219770,7424,512870535,888048225,619.36
2023-02-28,0302,939144053,5678,748327378,110359707,198.85
2023-05-31,5621,177499021,1234,470605313,477051633,466.72
2023-04-30,0571,697354081,2577,408359201,681721198,919.11
2023-05-31,0201,427449783,7890,778226389,151764769,341.24
2023-06-30,0665,198954142,3456,956527439,529024972,411.08
2023-03-31,0665,465609300,3456,739407747,983246378,66.44
2023-05-31,0571,163678420,3456,171046707,788309128,902.79
2023-02-28,0201,321613857,3456,251026953,305426896,455.04
2023-05-31,0571,185001664,5823,408359201,884269192,706.22
2023-03-31,0201,691171441,5823,410028605,521085786,160.37
2023-03-31,5621,742610615,2356,539975921,157244949,422.59
2023-03-31,0665,802152288,1234,286091862,773696291,937.08
2023-01-31,5621,305935109,2234,702414926,791805922,350.32
2023-04-30,5621,102712536,9012,499966358,376769124,483.93
2023-03-31,0302,465609300,9012,499708557,747505696,39.29
2023-06-30,5621,655813212,3456,470605313,834200200,293.44
2023-04-30,0571,802152288,7890,421652749,884269192,443.61
2023-05-31,0302,806056648,1234,870375904,831818258,119.98
2023-06-30,0201,369406806,1234,585343231,582950367,749.82
2023-06-30,0571,910419512,1234,870375904,197265755,456.05
2023-05-31,0571,624799992,2577,499708557,367023919,682.87
2023-04-30,0571,305025023,7424,282155178,281808972,645.19
2023-05-31,0571,555623020,7890,527071663,206832272,947.75
2023-01-31,0201,122512545,9012,285940730,118521040,297.69
2023-06-30,0571,600902216,7424,301815562,277732757,861.94
2023-02-28,0665,852119071,2577,491112888,994693807,302.64
2023-01-31,0302,674088167,2234,359510045,317804827,79.68
2023-01-31,0201,798561769,7890,393396080,183438225,780.38
2023-02-28,0665,798561769,7890,727911412,521085786,806.87
2023-01-31,0302,177499021,5823,845083555,843652402,610.91
2023-01-31,0571,983412199,2356,391033985,759687582,956.07
2023-05-31,5621,555704128,2234,299443962,576648987,108.29
2023-05-31,0665,557549424,5678,263397313,568730453,93.69
2023-06-30,0665,786613828,7424,804732485,953925779,351.17
2023-02-28,0571,427449783,2234,739407747,272210151,472.2
2023-02-28,0302,895511247,7890,401481033,827796040,171.72
2023-01-31,0201,913005072,3456,391033985,843652402,264.23
2023-04-30,5621,321613857,3456,171046707,588597840,784.34
2023-04-30,0571,465609300,9012,238365306,790201742,558.75
2023-06-30,5621,995361430,7890,755697856,183438225,101.52
2023-02-28,0571,313759725,5823,851266122,953925779,391.34
2023-05-31,0665,891920885,2356,123610772,316363682,82.08
2023-03-31,0302,150308231,2577,263397313,880727012,794.02
2023-01-31,5621,697354081,5678,980675027,121225698,815.99
2023-04-30,5621,624799992,2356,527071663,999817293,387.42
2023-02-28,0665,187145630,5823,260322027,128546034,894.55
2023-01-31,0201,177499021,3456,644980446,834200200,716.54
2023-01-31,5621,436863493,2577,527071663,316363682,444.34
2023-02-28,0571,436863493,5823,278895108,877896928,866.24
2023-06-30,0201,950192879,2577,423529782,272210151,745.48
2023-04-30,0201,313759725,5823,911558663,877896928,370.59
2023-01-31,0571,122512545,5823,278895108,389056745,242.05
2023-06-30,0201,198954142,5678,256805013,546938782,366.95
2023-03-31,5621,377551316,3456,575841422,546938782,70.8
2023-05-31,0665,247762792,7890,507531779,651403726,348.51
2023-05-31,5621,884948936,1234,581551995,792567442,864.76
2023-05-31,0571,298692604,2234,359510045,843652402,666.85
2023-06-30,0571,171955074,3456,674537687,576648987,440.01
2023-01-31,0201,171955074,7890,678752854,629567273,523.42
2023-04-30,0302,817970411,3456,512870535,582950367,295.25
2023-04-30,0571,826851821,9012,391033985,376769124,361.69
2023-05-31,0665,245029085,5678,439202632,585811443,37.81
2023-06-30,0571,895511247,7424,721237721,773696291,685.18
2023-01-31,0302,802152288,1234,401481033,740955779,676.65
2023-04-30,0665,843622408,5678,282155178,551261601,381.55
2023-04-30,0571,720924761,2356,672710925,521085786,210.75
2023-02-28,0201,600902216,2356,644980446,521085786,675.68
2023-04-30,0302,895528178,2356,470605313,604888822,745.87
2023-05-31,5621,707529686,5823,387639390,272210151,867.24
2023-05-31,5621,970563209,3456,282155178,740955779,557.03
2023-02-28,0571,198954142,2234,299443962,888048225,998.38
2023-03-31,0302,859697206,2234,391033985,629567273,165.22
2023-02-28,5621,742610615,2356,527071663,100589409,49.79
2023-03-31,0201,208918405,7890,778226389,110359707,795.07
2023-03-31,0201,424006525,5678,860732739,495127077,281.63
2023-05-31,0302,742610615,2577,610401574,953925779,130.86
2023-06-30,0571,698933265,2577,697105773,747433087,392.04
2023-06-30,0665,143678159,2356,316733093,389056745,146.52
2023-04-30,0571,564165457,1234,391033985,412546039,382.53
2023-05-31,0302,802152288,5678,717120511,272210151,580.37
2023-01-31,0302,369369180,3456,120127236,482190583,992.35
2023-02-28,0665,434706062,5823,989471530,585811443,718.23
2023-03-31,0571,494191692,5678,672710925,866099618,699.84
2023-02-28,0665,427449783,1234,956527439,202138182,16.57
2023-06-30,0302,983412199,2356,727911412,396227160,894.33
2023-04-30,0302,648219770,9012,478127330,568730453,764.13
2023-05-31,0201,777405081,5678,845083555,389056745,225.62
2023-06-30,0571,430405585,5678,316733093,926366887,220.84
2023-02-28,0201,913005072,2234,464001568,715715593,949.96
2023-03-31,5621,580417197,2577,995722838,489643959,348.43
2023-06-30,0665,150308231,5678,739407747,827796040,949.67
2023-06-30,5621,392265189,2577,299443962,609537480,514.74
2023-01-31,0201,598026837,2356,671832834,926366887,268.07
2023-05-31,0665,283382967,5823,251026953,100589409,568.28
2023-06-30,0302,786613828,3456,391033985,157244949,839.28
2023-01-31,0201,648219770,2356,644980446,989854380,958.23
2023-03-31,5621,356561143,7890,736547641,949916792,161.7
2023-04-30,0665,970889017,5823,499708557,792148044,872.58
2023-04-30,0201,884948936,9012,282155178,151764769,92.58
2023-02-28,0571,501045860,7890,299443962,110359707,278.15
2023-03-31,5621,150308231,1234,391033985,546938782,191.5
2023-05-31,0302,913979530,2234,260322027,759687582,628.65
2023-06-30,5621,247762792,9012,575841422,681721198,315.9
2023-03-31,0665,187145630,5678,493017644,521085786,208.65
2023-06-30,5621,283382967,3456,912350028,697230156,873.13
2023-05-31,5621,592882768,7890,120127236,827796040,828.05
2023-05-31,0302,143678159,7424,238365306,999817293,347.4
2023-05-31,5621,592882768,7890,625497923,792567442,323.25
2023-01-31,5621,434706062,2577,499708557,121225698,840.23
2023-01-31,0571,283382967,3456,474576982,679772904,926.79
2023-02-28,5621,436863493,1234,410028605,412546039,794.78
2023-02-28,0201,103197696,7890,491112888,827796040,30.7
2023-02-28,0665,305935109,7890,278354073,477051633,519.85
2023-05-31,0302,995361430,5823,884393997,157244949,929.65
2023-01-31,0571,195265800,2577,464001568,610714216,743.24
2023-01-31,0571,333697217,5823,171046707,781144501,710.1
2023-03-31,5621,859697206,1234,674537687,845811110,559.44
2023-05-31,0571,806056648,3456,359510045,206832272,435.85
2023-06-30,0201,427449783,1234,748327378,529024972,121.33
2023-02-28,0201,655813212,1234,408359201,401264175,928.88
2023-01-31,0201,177499021,2577,674537687,491820137,23.4
2023-01-31,0665,798561769,2356,717120511,610714216,385.2
2023-05-31,0302,546163238,1234,235694417,609537480,720.69
2023-05-31,0571,392265189,5678,672710925,747505696,130.34
2023-06-30,5621,628150902,2234,674537687,629567273,682.89
2023-06-30,0665,655813212,7890,702414926,396227160,106.91
2023-04-30,0571,910419512,2356,778226389,949916792,998.34
2023-02-28,0201,313759725,5678,316733093,792148044,428.7
2023-05-31,0201,198954142,3456,238365306,679772904,241.64
2023-04-30,0665,974140527,2356,124943561,715715593,577.87
2023-02-28,5621,143678159,2234,956527439,747433087,115.27
2023-04-30,0571,198954142,9012,727911412,792148044,127.57
2023-01-31,5621,102712536,7890,250750259,197265755,680.41
2023-03-31,0571,624799992,1234,499708557,482160641,66.54
2023-02-28,0665,983412199,9012,936463272,495127077,646.0
2023-01-31,0201,707529686,1234,393396080,317804827,552.86
2023-05-31,5621,555623020,5823,697105773,588597840,30.35
2023-06-30,0201,555623020,2356,884393997,951773903,60.39
2023-01-31,5621,369369180,7424,301815562,651403726,370.7
2023-01-31,0571,774108635,5678,804732485,568730453,331.98
2023-05-31,0665,843622408,3456,989471530,651403726,616.27
2023-03-31,0302,895528178,2234,672710925,877896928,283.99
2023-02-28,0665,884948936,3456,671832834,845811110,341.7
2023-02-28,0302,283382967,7890,491112888,274861627,631.17
2023-05-31,5621,555704128,9012,575841422,576648987,272.19
2023-06-30,0665,171955074,1234,171046707,983246378,992.97
2023-06-30,0571,177499021,2577,739407747,746728084,321.28
2023-02-28,0665,939144053,2577,507531779,570991243,85.95
2023-04-30,0665,424006525,2234,845083555,272210151,496.67
2023-04-30,0302,895511247,2356,851266122,679772904,890.73
2023-04-30,5621,245029085,2356,645581004,834200200,542.64
2023-06-30,0665,895511247,5823,625497923,336715105,686.0
2023-06-30,5621,143678159,3456,956527439,582950367,775.69
2023-04-30,5621,600902216,1234,428016929,818940325,274.64
2023-05-31,0302,298692604,2234,755697856,281808972,509.02
2023-05-31,5621,884948936,7424,286091862,604888822,668.18
2023-04-30,0201,798561769,5823,250750259,681721198,519.52
2023-01-31,0665,744304328,9012,851266122,949916792,330.68
2023-06-30,0201,798561769,5678,406269569,317804827,967.29
2023-03-31,0201,247762792,2234,956527439,788309128,681.77
2023-05-31,5621,227766580,3456,539975921,157244949,331.43
2023-01-31,5621,744304328,7890,765586978,827796040,134.48
2023-02-28,0201,494191692,2234,250750259,884269192,893.93
2023-03-31,5621,247762792,2234,474576982,348366643,615.39
2023-06-30,0665,648219770,9012,410028605,610714216,840.97
2023-02-28,0571,655813212,3456,512870535,521085786,420.63
2023-04-30,0201,600902216,2577,124943561,100589409,73.62
2023-03-31,0665,208918405,5823,507531779,222882236,402.49
2023-03-31,5621,245029085,2234,301815562,317804827,822.57
2023-04-30,0302,806056648,1234,674537687,866099618,891.23
2023-02-28,0665,974140527,5823,301815562,610714216,706.21
2023-03-31,0665,592882768,1234,124943561,773696291,491.28
2023-02-28,0201,983412199,9012,995722838,197265755,194.24
2023-05-31,0665,115005257,1234,989471530,951773903,654.01
2023-05-31,0665,356561143,7890,123610772,583745254,746.09
2023-03-31,0201,546163238,1234,263397313,585811443,249.76
2023-05-31,0571,774108635,7424,406269569,272210151,26.04
2023-02-28,0201,430405585,7890,978156858,396227160,105.14
2023-03-31,0665,950192879,2234,988500997,609537480,32.86
2023-01-31,0201,774108635,2577,721237721,491820137,969.89
2023-01-31,0201,852119071,1234,980675027,746728084,427.54
2023-05-31,0201,859697206,3456,644980446,489643959,170.0
2023-05-31,0302,919592637,3456,256805013,994693807,550.08
2023-03-31,0665,744304328,7424,911558663,926366887,579.24
2023-01-31,0665,156711913,5823,301815562,843652402,20.55
2023-01-31,0302,592882768,9012,286091862,281808972,723.76
2023-04-30,0665,792002240,2356,838823522,222882236,228.5
2023-02-28,5621,600902216,2356,123610772,274861627,582.15
2023-05-31,0571,884948936,3456,678752854,568730453,806.41
2023-02-28,0302,653590665,2234,171046707,951773903,594.64
2023-04-30,0571,697354081,2234,870375904,651403726,330.65
2023-03-31,0201,245029085,7890,282155178,747433087,304.36
2023-06-30,5621,970563209,5678,512870535,877896928,281.93
2023-04-30,0201,983412199,1234,591248459,482190583,873.7
2023-06-30,0201,185001664,2577,286091862,788309128,179.85
2023-01-31,0201,305935109,2577,423529782,121225698,483.78
2023-05-31,0201,298692604,7424,804732485,792567442,363.6
2023-04-30,5621,798561769,1234,575841422,831818258,28.2
2023-05-31,0665,430405585,7890,250750259,281808972,743.18
2023-06-30,0201,802152288,2234,686235247,747433087,984.79
2023-04-30,0571,843622408,2234,282155178,740955779,36.07
2023-02-28,0201,802152288,2356,539975921,845811110,896.78
2023-02-28,0201,369406806,3456,998131360,655734251,875.74
2023-01-31,0665,910419512,2577,845083555,157244949,171.69
2023-03-31,0665,950192879,5678,423529782,792148044,582.78
2023-06-30,5621,913979530,5823,610401574,834200200,955.54
2023-06-30,0302,313759725,7424,499708557,788309128,943.72
2023-04-30,0201,555704128,3456,123610772,759687582,838.69
2023-05-31,0201,410783207,2234,323025841,604888822,889.86
2023-03-31,0571,910419512,9012,914715792,759687582,961.82
2023-03-31,0571,974140527,7424,911558663,781144501,992.61
2023-01-31,0571,802152288,2577,920475997,781144501,668.54
2023-04-30,0571,122512545,3456,644980446,151764769,968.14
2023-02-28,5621,707529686,1234,493017644,610714216,72.51
2023-02-28,0665,720924761,9012,323025841,570991243,953.04
2023-01-31,0665,970563209,3456,838823522,412546039,777.28
2023-03-31,0201,227766580,1234,844812260,151764769,259.42
2023-02-28,0665,557549424,5678,406269569,110359707,44.15
2023-04-30,0201,970563209,7424,285940730,746728084,823.0
2023-02-28,0201,970563209,5678,299443962,679772904,194.59
2023-01-31,0571,305025023,7424,286091862,818940325,86.79
2023-02-28,5621,121542635,9012,512870535,792148044,130.49
2023-03-31,0665,356561143,1234,674537687,277732757,67.29
2023-03-31,0302,465609300,5823,512870535,994693807,372.81
2023-02-28,0302,555704128,1234,674537687,781144501,4.92
2023-01-31,5621,298692604,2356,672710925,999817293,55.41
2023-05-31,5621,691171441,3456,674537687,518914770,920.52
2023-01-31,0201,792002240,7890,391033985,151764769,86.06
2023-05-31,0571,910419512,9012,439202632,989854380,667.2
2023-05-31,5621,333697217,5823,423529782,491820137,196.45
2023-03-31,0302,817970411,5823,581551995,781144501,486.61
2023-05-31,0201,187145630,5678,423529782,157244949,561.99
2023-05-31,0571,143678159,9012,949373126,983246378,101.61
2023-03-31,0665,580417197,3456,583125965,568730453,157.12
2023-05-31,0201,283382967,3456,401481033,348366643,678.07
2023-04-30,0201,817970411,7424,995722838,576648987,425.52
2023-04-30,0302,531133922,9012,988500997,206832272,791.4
2023-04-30,0302,247762792,2577,686235247,866099618,848.09
2023-03-31,5621,392265189,2356,674537687,790201742,818.63
2023-06-30,0571,913005072,1234,527071663,222882236,428.0
2023-02-28,0571,140268339,7890,299443962,492158011,521.78
2023-05-31,5621,115005257,2356,408359201,994693807,546.78
2023-06-30,0302,555623020,3456,748327378,502877995,625.61
2023-01-31,0571,283382967,9012,748327378,396227160,28.21
2023-05-31,0665,156711913,7424,539975921,759687582,675.96
2023-05-31,0665,798561769,3456,393396080,834242515,353.22
2023-05-31,0571,720924761,2356,527071663,989854380,672.3
2023-05-31,0571,624799992,7890,884393997,884269192,499.15
2023-04-30,0201,580417197,2577,755697856,412546039,984.47
2023-02-28,0302,138658150,2356,995722838,570991243,851.05
2023-03-31,0665,392265189,2577,512870535,412546039,637.79
2023-02-28,0665,430405585,2356,610401574,583745254,852.53
2023-01-31,5621,494191692,2577,778226389,317804827,78.28
2023-04-30,0571,995361430,1234,391033985,884269192,299.25
2023-04-30,0302,501045860,1234,359510045,953925779,49.22
2023-06-30,0302,185001664,1234,539975921,854096059,155.5
2023-01-31,0201,970563209,5823,845800205,884269192,912.01
2023-04-30,0665,777405081,9012,506290741,827796040,840.1
2023-03-31,0302,895511247,5678,870375904,576648987,305.95
2023-05-31,0302,564165457,7424,845083555,715715593,587.99
2023-04-30,0665,156711913,2577,359510045,827419484,376.75
2023-03-31,0201,648219770,2356,870375904,926366887,836.72
2023-01-31,5621,429432913,9012,410028605,121225698,934.52
2023-05-31,0665,742610615,1234,884393997,818940325,147.84
2023-05-31,0571,628150902,5823,980675027,110359707,514.66
2023-01-31,0571,369406806,1234,393396080,792148044,755.56
2023-02-28,0302,707529686,2577,670630437,747505696,6.03
2023-06-30,5621,592882768,2234,359510045,521085786,51.26
2023-01-31,0571,564165457,3456,120127236,827796040,205.47
2023-04-30,0571,115005257,7424,645581004,715715593,699.11
2023-03-31,0665,501045860,2356,860732739,491820137,175.33
2023-06-30,0302,247762792,5678,702414926,518914770,304.39
2023-03-31,0302,580417197,9012,748327378,401264175,710.04
2023-03-31,0302,786613828,1234,727911412,791805922,512.6
2023-06-30,0302,557549424,7424,286091862,884269192,803.11
2023-06-30,0571,707529686,5678,250750259,906030182,10.95
2023-03-31,0571,817970411,2577,251026953,834242515,188.52
2023-04-30,0665,427449783,3456,951557365,128546034,886.68
2023-05-31,0302,103197696,5678,260322027,791805922,252.32
2023-03-31,0302,592882768,2356,408359201,491820137,382.25
2023-06-30,0302,974140527,2577,585343231,401264175,380.93
2023-04-30,0665,939144053,9012,474576982,989854380,805.51
2023-03-31,5621,910419512,2577,845800205,477051633,258.94
2023-05-31,0302,198954142,7424,642332086,951773903,824.73
2023-03-31,0665,163678420,7890,408359201,389056745,810.88
2023-01-31,5621,410783207,7890,499966358,983246378,428.48
2023-02-28,0571,852119071,2577,123610772,491952685,324.31
2023-02-28,0571,648219770,2356,870375904,137684240,626.81
2023-06-30,0302,208918405,5823,286091862,834242515,694.32
2023-06-30,0571,691171441,5823,205687000,994693807,498.9
2023-01-31,0571,143240746,9012,408359201,128546034,32.35
2023-03-31,0201,557549424,2577,124943561,491820137,368.09
2023-04-30,0201,313759725,3456,506290741,495127077,860.38
2023-02-28,0201,150308231,2577,998131360,747505696,565.63
2023-02-28,0302,648219770,3456,256805013,502877995,931.81
2023-05-31,0571,895511247,9012,512870535,585811443,824.57
2023-01-31,0665,247762792,5678,951557365,610714216,341.45
2023-04-30,0571,895528178,3456,238365306,401264175,0.41
2023-05-31,0201,555704128,7424,583125965,757844153,933.3
2023-03-31,0665,674088167,5823,844812260,396227160,725.87
2023-06-30,0201,349543613,2356,989471530,492158011,736.63
2023-06-30,0571,895511247,5823,845800205,906030182,257.38
2023-04-30,0302,555623020,7890,491112888,367023919,39.05
2023-03-31,0302,919592637,1234,278895108,764998338,721.6
2023-06-30,0302,564165457,2356,678752854,157244949,370.37
2023-02-28,0302,521356542,2356,359510045,521085786,909.93
2023-02-28,0665,732585066,3456,251026953,521085786,487.37
2023-02-28,5621,653590665,2356,391033985,681721198,388.84
2023-03-31,0571,321613857,3456,870375904,183438225,758.17
2023-04-30,5621,171955074,3456,491112888,843652402,107.4
2023-06-30,0571,140268339,2356,124943561,867195359,399.93
2023-04-30,0571,349543613,2234,645581004,888048225,731.81
2023-03-31,0201,555623020,7424,278354073,100589409,136.57
2023-03-31,0302,817970411,1234,610401574,610714216,932.39
2023-03-31,5621,983412199,2234,123610772,906030182,876.39
2023-02-28,0201,919592637,2234,739407747,389056745,718.02
2023-01-31,0665,436863493,2234,721237721,348366643,234.87
2023-04-30,0571,140268339,2577,978156858,389056745,652.93
2023-02-28,0571,356561143,1234,645581004,100589409,971.09
2023-03-31,0201,185001664,2577,263397313,764998338,976.52
2023-05-31,0571,122512545,9012,978156858,492158011,617.56
2023-05-31,0665,377551316,3456,278895108,629567273,550.72
2023-02-28,0571,356561143,1234,260322027,356869281,904.48
2023-03-31,5621,392265189,2577,205687000,629567273,186.85
2023-05-31,0665,843622408,7424,838823522,396227160,33.89
2023-03-31,0665,786613828,2356,423529782,792567442,667.27
2023-05-31,0302,859697206,7424,278354073,834242515,963.38
2023-03-31,0571,305025023,2234,415417202,651403726,635.0
2023-01-31,0302,895511247,2356,912350028,651403726,970.56
2023-06-30,0201,913005072,2234,644980446,788309128,515.24
2023-04-30,0571,950192879,5823,995722838,491820137,484.2
2023-03-31,0201,648219770,3456,670630437,610714216,326.24
2023-01-31,0302,430405585,2234,323025841,128546034,780.25
2023-02-28,0201,313759725,7890,949373126,629567273,971.65
2023-01-31,0302,187145630,2356,491112888,585811443,569.88
2023-04-30,0571,208918405,7424,739407747,953925779,243.16
2023-06-30,0201,356561143,7890,727911412,999817293,791.97
2023-06-30,0571,792002240,5678,978156858,546938782,345.06
2023-04-30,5621,140268339,7424,613440547,316363682,438.21
2023-06-30,5621,163678420,9012,845800205,151764769,537.23
2023-03-31,0665,501045860,2577,610401574,529024972,497.63
2023-03-31,0571,143240746,5823,301815562,866099618,233.48
2023-01-31,0571,392265189,3456,978156858,994693807,355.74
2023-01-31,5621,655813212,2234,585343231,570991243,773.71
2023-06-30,0665,592882768,9012,410028605,305426896,244.89
2023-03-31,0571,103197696,5678,755697856,582950367,867.69
2023-05-31,0201,557549424,1234,506290741,477051633,382.24
2023-06-30,0302,150308231,2234,401481033,183438225,578.24
2023-04-30,0571,424006525,1234,507531779,791805922,658.05
2023-04-30,0571,140268339,9012,988500997,651403726,481.74
2023-03-31,0201,208918405,7890,686235247,110359707,193.06
2023-05-31,0665,429432913,5823,393396080,884269192,556.94
2023-02-28,5621,798561769,7890,672710925,401264175,605.18
2023-03-31,0201,283382967,9012,512870535,831818258,6.66
2023-01-31,0571,655813212,5823,748327378,546938782,86.07
2023-06-30,0665,774108635,1234,401481033,747505696,266.41
2023-06-30,0665,913979530,5678,721237721,495127077,979.75
2023-06-30,5621,859697206,7890,920475997,788309128,3.12
2023-04-30,0571,891920885,7890,323025841,482160641,208.21
2023-06-30,0201,802152288,3456,323025841,994693807,182.91
2023-06-30,0302,707529686,7890,845083555,880727012,367.57
2023-01-31,0665,424006525,9012,736547641,834242515,802.01
2023-03-31,5621,102712536,7424,124943561,585811443,132.79
2023-01-31,0302,792002240,7424,238365306,570991243,605.47
2023-01-31,0302,557549424,7424,120127236,551261601,834.03
2023-05-31,0302,697354081,2234,478127330,877896928,463.05
2023-03-31,0201,592882768,5678,527071663,348366643,614.39
2023-02-28,0571,369406806,3456,301815562,790201742,633.5
2023-06-30,5621,798561769,1234,575841422,866099618,661.15
2023-02-28,0571,884948936,9012,912350028,757844153,414.11
2023-01-31,0665,697354081,7890,672710925,491820137,652.57
2023-05-31,0571,580417197,9012,410028605,747433087,880.57
2023-05-31,0201,950192879,7424,951557365,588597840,134.68
2023-01-31,5621,140268339,3456,884393997,492158011,13.26
2023-05-31,0302,600902216,2577,470605313,818940325,711.41
2023-06-30,5621,103197696,2577,439202632,356869281,156.87
2023-05-31,0302,777405081,1234,421652749,827796040,597.18
2023-03-31,0302,546163238,2234,755697856,348366643,945.35
2023-06-30,0665,555623020,5823,844812260,529024972,162.94
2023-06-30,0201,707529686,1234,527071663,491820137,681.13
2023-05-31,0201,891920885,7424,251026953,305426896,123.97
2023-05-31,5621,208918405,2234,670630437,151764769,411.94
2023-01-31,0302,913979530,1234,493017644,183438225,153.76
2023-01-31,0571,321613857,7424,748327378,305426896,805.65
2023-02-28,5621,494191692,2234,123610772,128546034,633.7
2023-04-30,0665,102712536,5823,644980446,482190583,976.02
2023-01-31,0571,122512545,9012,415417202,983246378,636.43
2023-06-30,0571,910419512,2356,415417202,715715593,163.42
2023-01-31,0665,531133922,2356,721237721,281808972,792.64
2023-05-31,0571,891920885,1234,428016929,999817293,480.48
2023-03-31,5621,429432913,5678,491112888,277732757,651.96
2023-03-31,0571,970889017,1234,645581004,764998338,98.03
2023-06-30,0302,208918405,7424,989471530,747505696,7.43
2023-06-30,0571,436863493,7890,250750259,629567273,835.45
2023-04-30,0665,121542635,7890,727911412,317804827,814.99
2023-06-30,5621,430405585,9012,387639390,521085786,491.06
2023-02-28,0571,720924761,5678,591248459,792567442,258.63
2023-05-31,0571,179633451,1234,645581004,906030182,328.81
2023-01-31,0571,742610615,2356,278895108,502877995,615.72
2023-04-30,5621,698933265,2234,124943561,151764769,808.69
2023-04-30,0665,247762792,3456,949373126,679772904,703.68
2023-06-30,0302,843622408,9012,282155178,570991243,836.23
2023-01-31,5621,895511247,1234,951557365,110359707,933.18
2023-01-31,0571,122512545,5823,359510045,389056745,158.14
2023-01-31,0201,377551316,7890,670630437,412546039,77.77
2023-02-28,0302,185001664,7424,678752854,157244949,459.79
2023-02-28,0665,624799992,2234,671832834,551261601,556.03
2023-05-31,0201,429432913,1234,672710925,222882236,860.21
2023-03-31,0571,227766580,7890,285940730,570991243,59.01
2023-03-31,0302,742610615,3456,123610772,128546034,684.87
2023-02-28,0201,187145630,5678,914715792,202138182,344.29
2023-06-30,5621,826851821,5678,581551995,317804827,662.13
2023-03-31,0201,826851821,3456,263397313,888048225,730.6
2023-04-30,5621,895528178,2577,278895108,157244949,131.79
2023-02-28,5621,171955074,1234,748327378,740955779,934.96
2023-01-31,0302,744304328,1234,506290741,356869281,601.89
2023-05-31,0302,494191692,2356,670630437,482190583,915.52
2023-05-31,0201,744304328,5823,299443962,356869281,820.68
2023-04-30,5621,313759725,7424,493017644,197265755,220.7
2023-04-30,0201,245029085,9012,721237721,389056745,860.21
2023-05-31,5621,792002240,1234,120127236,740955779,681.21
2023-03-31,0302,392265189,2577,391033985,356869281,88.6
2023-01-31,0665,744304328,2356,470605313,949916792,875.03
2023-06-30,5621,806056648,7424,591248459,529024972,727.96
2023-03-31,0302,983412199,7424,251026953,550529745,642.13
2023-03-31,5621,859697206,3456,697105773,568730453,289.18
2023-05-31,0665,939144053,1234,860732739,655734251,867.28
2023-02-28,0571,501045860,7890,951557365,867195359,638.66
2023-06-30,5621,720924761,5678,391033985,746728084,560.59
2023-06-30,5621,895528178,5678,581551995,951773903,796.92
2023-05-31,0571,377551316,2577,736547641,489643959,671.03
2023-06-30,0665,313759725,2577,124943561,629567273,483.42
2023-05-31,5621,648219770,3456,285940730,834200200,824.88
2023-02-28,0201,970889017,9012,474576982,529024972,123.17
2023-03-31,0665,895528178,2234,995722838,888048225,37.14
2023-02-28,0665,655813212,1234,727911412,888048225,319.03
2023-02-28,0571,624799992,7890,672710925,356869281,748.48
2023-04-30,0571,859697206,9012,171046707,576648987,644.96
2023-01-31,0302,546163238,5678,512870535,367023919,719.15
2023-06-30,0201,786613828,5823,512870535,491952685,420.27
2023-02-28,5621,177499021,3456,256805013,983246378,112.53
2023-03-31,0302,150308231,9012,401481033,348366643,583.56
2023-06-30,0201,185001664,5823,415417202,610714216,679.37
2023-03-31,0201,115005257,3456,393396080,747505696,746.47
2023-03-31,0665,156711913,7890,248159429,854096059,540.56
2023-06-30,0665,974140527,3456,884393997,604888822,778.22
2023-05-31,0302,177499021,7890,323025841,818940325,352.46
2023-02-28,0665,798561769,5823,911558663,491952685,758.27
2023-01-31,0571,939144053,2577,988500997,747505696,241.96
2023-03-31,0571,859697206,9012,408359201,983246378,530.37
2023-04-30,0302,305025023,2356,401481033,348366643,355.64
2023-06-30,5621,672882839,1234,686235247,100589409,536.72
2023-01-31,0201,598026837,2577,499708557,137684240,860.74
2023-06-30,0571,531133922,3456,591248459,655734251,993.55
2023-06-30,5621,177499021,2577,670630437,222882236,496.38
2023-05-31,0201,624799992,7890,956527439,888048225,676.36
2023-02-28,0302,434706062,2234,591248459,747433087,170.99
2023-02-28,5621,691171441,7890,988500997,137684240,152.49
2023-05-31,0201,531133922,7890,493017644,747433087,405.71
2023-06-30,0201,247762792,7890,527071663,834200200,315.76
2023-02-28,0201,653590665,1234,123610772,791805922,666.72
2023-05-31,5621,852119071,2577,911558663,551261601,139.45
2023-05-31,0571,895528178,9012,256805013,202138182,714.68
2023-05-31,0302,305935109,9012,988500997,356869281,323.18
2023-04-30,0302,655813212,5678,263397313,588597840,697.13
2023-05-31,0201,707529686,2234,717120511,412546039,116.11
2023-03-31,0571,156711913,7424,205687000,983246378,548.35
2023-06-30,5621,171955074,2234,949373126,791805922,991.4
2023-03-31,0302,555704128,2356,408359201,137684240,116.68
2023-04-30,0665,102712536,3456,686235247,610714216,234.25
2023-04-30,0571,786613828,2356,884393997,866099618,510.94
2023-01-31,0571,672882839,5678,238365306,604888822,534.38
2023-06-30,0665,138658150,9012,755697856,585811443,347.45
2023-06-30,0302,143678159,5823,123610772,316363682,300.21
2023-06-30,0201,674088167,7424,491112888,546938782,795.4
2023-05-31,0302,674088167,1234,844812260,401264175,769.23
2023-06-30,0302,305935109,2356,642332086,866099618,729.29
2023-03-31,0302,653590665,2234,406269569,994693807,903.69
2023-05-31,0302,314971558,2234,124943561,305426896,890.72
2023-05-31,0201,377551316,2577,870375904,546938782,524.44
2023-03-31,0571,691171441,2234,920475997,482190583,160.44
2023-03-31,0571,655813212,2356,645581004,151764769,290.28
2023-05-31,5621,806056648,5823,989471530,183438225,980.79
2023-01-31,0665,995361430,1234,286091862,764998338,395.7
2023-01-31,0665,697354081,2577,860732739,546938782,423.61
2023-03-31,0302,410783207,5678,995722838,128546034,764.19
2023-03-31,0201,939144053,5823,672710925,281808972,988.96
2023-06-30,0665,369369180,3456,575841422,585811443,984.7
2023-05-31,0302,913005072,5823,951557365,651403726,356.9
2023-03-31,5621,884948936,3456,474576982,367023919,344.94
2023-04-30,0665,557549424,9012,591248459,609537480,888.73
2023-03-31,0571,187145630,7424,406269569,222882236,956.66
2023-05-31,5621,817970411,5823,415417202,550529745,158.45
2023-02-28,0665,156711913,5678,256805013,118521040,408.16
2023-06-30,0201,891920885,7890,334084077,792567442,126.29
2023-02-28,5621,121542635,2356,804732485,317804827,943.19
2023-04-30,0302,648219770,2356,844812260,495127077,526.71
2023-04-30,0571,305935109,5823,260322027,908872312,293.03
2023-03-31,5621,298692604,1234,804732485,305426896,551.19
2023-05-31,0201,852119071,5678,478127330,121225698,165.0
2023-05-31,0665,817970411,2234,512870535,305426896,645.54
2023-01-31,5621,742610615,5678,845083555,118521040,975.35
2023-06-30,0302,555704128,5678,493017644,827796040,685.0
2023-03-31,0571,465609300,5823,282155178,629567273,851.64
2023-05-31,5621,115005257,7424,702414926,747505696,729.43
2023-03-31,5621,531133922,2234,263397313,773696291,212.63
2023-03-31,5621,138658150,7890,527071663,629567273,789.53
2023-05-31,0571,501045860,3456,282155178,151764769,139.45
2023-06-30,0571,564165457,5823,697105773,764998338,684.99
2023-02-28,0302,546163238,2234,278895108,551261601,202.61
2023-01-31,0665,227766580,2356,205687000,831818258,966.34
2023-06-30,0201,103197696,2356,423529782,834200200,668.79
2023-01-31,0201,895511247,2577,727911412,746728084,993.93
2023-02-28,0302,592882768,2356,251026953,482190583,199.76
2023-04-30,0302,744304328,2577,421652749,401264175,858.07
2023-06-30,0302,732585066,5678,591248459,151764769,177.28
2023-04-30,0571,895511247,7424,995722838,277732757,66.79
2023-04-30,0302,913979530,7890,421652749,197265755,250.88
2023-06-30,0201,653590665,9012,575841422,746728084,891.79
2023-03-31,0201,163678420,7890,506290741,202138182,804.1
2023-03-31,5621,648219770,2234,697105773,502877995,589.89
2023-02-28,0665,122512545,9012,423529782,518914770,618.77
2023-03-31,0302,786613828,7890,585343231,715715593,644.02
2023-03-31,0302,672882839,5678,263397313,655734251,136.35
2023-05-31,0571,806056648,5823,334084077,137684240,351.97
2023-05-31,0571,806056648,2234,998131360,949916792,931.98
2023-05-31,0665,655813212,5678,421652749,336715105,8.68
2023-05-31,0665,697354081,5678,642332086,137684240,670.94
2023-06-30,5621,410783207,2234,581551995,274861627,306.16
2023-05-31,0571,913005072,7424,678752854,274861627,252.0
2023-05-31,5621,852119071,7424,493017644,568730453,578.8
2023-06-30,5621,598026837,7890,499708557,908872312,271.69
2023-06-30,0571,913979530,1234,583125965,790201742,633.3
2023-01-31,5621,806056648,1234,645581004,576648987,283.27
2023-05-31,0302,546163238,5823,686235247,588597840,630.38
2023-02-28,0302,305935109,2577,415417202,681721198,242.26
2023-03-31,0201,121542635,3456,408359201,834242515,193.55
2023-02-28,5621,895528178,3456,263397313,740955779,496.23
2023-01-31,0201,198954142,7424,686235247,791805922,14.95
2023-05-31,5621,895528178,2234,539975921,128546034,188.21
2023-01-31,0571,806056648,2234,391033985,880727012,718.16
2023-02-28,5621,392265189,9012,120127236,206832272,121.11
2023-03-31,0571,465609300,1234,439202632,576648987,199.32
2023-01-31,0665,177499021,2234,256805013,818940325,868.06
2023-05-31,5621,859697206,5678,644980446,570991243,354.36
2023-06-30,0665,777405081,5678,205687000,651403726,155.01
2023-06-30,0665,792002240,7890,727911412,791805922,623.71
2023-01-31,0665,983412199,2577,845800205,128546034,89.94
2023-03-31,0571,884948936,2577,702414926,492158011,312.19
2023-02-28,0571,707529686,3456,672710925,888048225,976.73
2023-06-30,0665,424006525,5823,844812260,854096059,793.48
2023-05-31,5621,707529686,2356,301815562,818940325,278.37
2023-06-30,0665,910419512,2356,995722838,773696291,725.72
2023-05-31,0665,648219770,7424,256805013,679772904,718.87
2023-06-30,0665,410783207,7424,123610772,151764769,805.7
2023-03-31,0302,465609300,2234,585343231,316363682,850.79
2023-06-30,0571,852119071,5678,428016929,518914770,998.86
2023-02-28,0201,424006525,2356,464001568,629567273,137.66
2023-01-31,0302,732585066,3456,765586978,983246378,209.62
2023-06-30,0201,392265189,5823,765586978,336715105,400.42
2023-04-30,0665,143240746,7424,951557365,492158011,510.3
2023-05-31,5621,314971558,2356,507531779,482160641,582.65
2023-03-31,0571,628150902,5823,613440547,610714216,124.53
2023-01-31,0571,115005257,5678,123610772,495127077,661.1
2023-06-30,0571,494191692,1234,250750259,843652402,197.5
2023-04-30,0571,349543613,2577,671832834,588597840,365.61
2023-02-28,0201,742610615,9012,408359201,317804827,84.0
2023-01-31,0571,580417197,5678,285940730,610714216,307.69
2023-02-28,0665,531133922,2356,914715792,908872312,833.69
2023-04-30,5621,103197696,2234,672710925,489643959,905.77
2023-01-31,0665,227766580,5823,591248459,880727012,586.27
2023-04-30,0665,356561143,2356,717120511,583745254,317.32
2023-06-30,5621,995361430,3456,949373126,576648987,919.3
2023-05-31,0201,427449783,2356,912350028,100589409,751.43
2023-01-31,0302,720924761,7424,512870535,989854380,40.28
2023-06-30,0571,171955074,9012,978156858,521085786,274.55
2023-06-30,0665,655813212,5678,845083555,585811443,729.22
2023-06-30,0302,140268339,3456,995722838,827796040,203.11
2023-02-28,5621,672882839,2356,499966358,610714216,409.62
2023-03-31,0201,970563209,7424,124943561,610714216,591.1
2023-02-28,5621,140268339,5823,978156858,316363682,944.32
2023-06-30,0665,314971558,3456,645581004,495127077,5.9
2023-02-28,0571,501045860,2356,980675027,272210151,287.79
2023-05-31,5621,187145630,2234,410028605,746728084,914.26
2023-01-31,0571,177499021,3456,625497923,994693807,972.74
2023-04-30,0665,843622408,7424,721237721,128546034,771.23
2023-01-31,0201,424006525,9012,278354073,792148044,907.62
2023-03-31,0302,103197696,3456,393396080,367023919,304.92
2023-03-31,0665,859697206,3456,778226389,843652402,331.67
2023-04-30,0665,305935109,7424,507531779,550529745,782.05
2023-01-31,0302,732585066,3456,845800205,518914770,766.38
2023-04-30,0665,305025023,2234,581551995,550529745,870.34
2023-06-30,0665,648219770,7890,988500997,818940325,280.37
2023-03-31,0201,744304328,2577,171046707,317804827,907.71
2023-02-28,0571,179633451,1234,989471530,681721198,10.22
2023-05-31,0201,826851821,3456,527071663,551261601,17.34
2023-02-28,0201,349543613,2577,478127330,356869281,699.06
2023-04-30,0302,919592637,5823,697105773,845811110,327.01
2023-06-30,5621,521356542,5678,914715792,389056745,711.02
2023-03-31,5621,852119071,2356,613440547,845811110,108.57
2023-06-30,0665,195265800,7890,393396080,202138182,639.85
2023-06-30,0571,777405081,2356,980675027,389056745,849.91
2023-03-31,0665,653590665,7424,506290741,585811443,988.2
2023-05-31,0302,434706062,5823,359510045,492158011,279.95
2023-05-31,0665,501045860,7890,171046707,697230156,395.77
2023-03-31,0571,179633451,3456,470605313,747505696,95.75
2023-03-31,0571,434706062,5823,410028605,305426896,358.68
2023-03-31,0201,369369180,9012,844812260,867195359,865.15
2023-02-28,0665,392265189,2577,951557365,757844153,495.25
2023-04-30,0302,156711913,9012,256805013,491820137,592.56
2023-03-31,0665,910419512,3456,512870535,588597840,789.48
2023-01-31,0302,121542635,2577,591248459,583745254,294.77
2023-05-31,0302,939144053,2577,727911412,884269192,980.76
2023-03-31,0571,707529686,5823,406269569,157244949,678.77
2023-02-28,0665,691171441,7424,439202632,272210151,910.49
2023-03-31,0665,333697217,2577,120127236,866099618,97.65
2023-06-30,0665,298692604,7890,278895108,576648987,340.87
2023-05-31,0302,377551316,2577,851266122,197265755,309.86
2023-05-31,0201,185001664,2234,674537687,681721198,462.06
2023-06-30,5621,624799992,7890,884393997,759687582,850.83
2023-06-30,5621,859697206,5678,464001568,655734251,713.69
2023-01-31,0302,913005072,9012,951557365,989854380,983.38
2023-05-31,0302,707529686,7890,912350028,376769124,859.02
2023-05-31,0201,826851821,3456,575841422,764998338,199.97
2023-05-31,0201,598026837,7890,951557365,401264175,667.1
2023-01-31,0302,557549424,7424,778226389,792567442,780.19
2023-01-31,0302,321613857,5823,956527439,356869281,234.05
2023-03-31,0302,895528178,3456,988500997,489643959,691.51
2023-06-30,0302,392265189,9012,506290741,926366887,864.18
2023-06-30,0665,806056648,5678,739407747,317804827,885.51
2023-05-31,0571,436863493,2577,124943561,983246378,531.14
2023-03-31,0302,580417197,2234,423529782,317804827,52.13
2023-05-31,0571,859697206,5678,739407747,604888822,32.56
2023-03-31,0201,298692604,3456,512870535,747505696,355.87
2023-03-31,0302,546163238,2234,739407747,206832272,223.38
2023-01-31,0665,817970411,7890,845083555,274861627,33.75
2023-02-28,0571,501045860,7424,256805013,827419484,103.28
2023-03-31,0571,859697206,3456,263397313,128546034,785.4
2023-02-28,5621,939144053,5823,610401574,316363682,588.57
2023-02-28,0201,430405585,7890,401481033,110359707,72.96
2023-05-31,0201,698933265,5678,527071663,137684240,408.17
2023-02-28,0201,298692604,2577,672710925,151764769,352.76
2023-04-30,0571,580417197,7890,988500997,792148044,530.76
2023-02-28,0201,802152288,3456,838823522,788309128,713.18
2023-04-30,0201,600902216,3456,499708557,128546034,828.22
2023-06-30,0302,138658150,2577,610401574,834242515,555.4
2023-04-30,5621,792002240,5678,860732739,274861627,241.5
2023-02-28,0302,655813212,9012,512870535,389056745,799.98
2023-05-31,0665,802152288,9012,439202632,202138182,136.95
2023-05-31,0665,913979530,9012,512870535,888048225,317.07
2023-05-31,0665,501045860,7424,387639390,588597840,558.05
2023-06-30,0665,732585066,2234,387639390,834242515,669.81
2023-04-30,0201,501045860,2577,474576982,576648987,84.21
2023-05-31,0302,156711913,9012,439202632,609537480,286.67
2023-03-31,0201,744304328,5678,678752854,880727012,107.75
2023-04-30,0201,434706062,2356,765586978,609537480,819.53
2023-02-28,0571,369406806,3456,727911412,489643959,546.5
2023-04-30,5621,177499021,7890,251026953,781144501,563.05
2023-02-28,5621,333697217,2356,406269569,495127077,864.26
2023-03-31,0201,150308231,3456,860732739,831818258,572.15
2023-06-30,5621,557549424,2234,260322027,137684240,839.41
2023-03-31,0665,802152288,2356,989471530,843652402,539.72
2023-05-31,0665,424006525,1234,845083555,389056745,300.46
2023-06-30,0302,817970411,5678,428016929,788309128,377.58
2023-04-30,5621,792002240,5678,282155178,277732757,104.56
2023-04-30,0201,102712536,5678,507531779,681721198,966.72
2023-05-31,0201,410783207,7424,778226389,495127077,971.4
2023-05-31,5621,424006525,2577,387639390,137684240,998.07
2023-01-31,0665,817970411,5678,727911412,866099618,65.18
2023-05-31,0665,919592637,5678,644980446,834242515,454.74
2023-05-31,0665,305025023,7890,920475997,389056745,799.05
2023-04-30,0201,555623020,7424,575841422,609537480,562.69
2023-06-30,5621,410783207,2577,359510045,305426896,527.8
2023-05-31,0302,305025023,2577,765586978,356869281,568.54
2023-05-31,0302,786613828,9012,671832834,908872312,822.57
2023-06-30,0665,369406806,5823,672710925,747433087,171.82
2023-02-28,5621,143678159,5823,406269569,477051633,804.6
2023-03-31,5621,974140527,7890,936463272,206832272,444.57
2023-01-31,0665,891920885,1234,507531779,866099618,429.3
2023-03-31,0571,777405081,2356,391033985,746728084,543.64
2023-01-31,0201,970889017,2356,956527439,843652402,183.12
2023-01-31,5621,140268339,7890,286091862,489643959,945.02
2023-04-30,0201,628150902,5823,278354073,376769124,351.23
2023-05-31,0571,377551316,3456,539975921,137684240,184.73
2023-04-30,5621,628150902,5823,423529782,570991243,539.23
2023-01-31,0571,786613828,2234,956527439,854096059,900.11
2023-05-31,0665,913979530,5823,410028605,983246378,547.34
2023-03-31,0665,410783207,7890,408359201,396227160,26.31
2023-03-31,0571,494191692,2234,956527439,715715593,637.35
2023-05-31,0665,884948936,1234,401481033,759687582,426.37
2023-03-31,0665,436863493,2577,995722838,202138182,890.68
2023-03-31,0665,283382967,2234,491112888,953925779,514.09
2023-03-31,0571,732585066,2356,581551995,274861627,626.17
2023-03-31,0665,140268339,2577,393396080,316363682,209.82
2023-06-30,0302,600902216,7424,697105773,128546034,110.14
2023-03-31,0302,802152288,7890,980675027,880727012,204.74
2023-06-30,0302,298692604,5678,748327378,747505696,495.55
2023-03-31,0665,555623020,2577,911558663,546938782,852.53
2023-01-31,0571,786613828,9012,124943561,951773903,662.67
2023-05-31,0571,305935109,5823,644980446,376769124,271.79
2023-04-30,0302,430405585,2356,860732739,157244949,725.98
2023-05-31,0302,208918405,7424,512870535,773696291,895.52
2023-04-30,5621,919592637,5678,678752854,888048225,9.72
2023-05-31,0302,592882768,1234,674537687,949916792,283.9
2023-05-31,0201,208918405,7424,686235247,551261601,461.78
2023-05-31,5621,102712536,7424,120127236,715715593,388.25
2023-05-31,0302,913979530,7424,920475997,376769124,477.53
2023-01-31,0201,198954142,2234,672710925,348366643,691.22
2023-05-31,0665,283382967,7890,539975921,831818258,148.56
2023-01-31,0201,817970411,1234,406269569,610714216,997.1
2023-04-30,0571,995361430,9012,235694417,949916792,222.65
2023-06-30,0571,185001664,5678,851266122,792567442,455.49
2023-02-28,0665,102712536,3456,491112888,854096059,910.7
2023-05-31,5621,891920885,2577,171046707,482190583,678.1
2023-04-30,0302,195265800,9012,301815562,157244949,625.0
2023-04-30,5621,674088167,5823,920475997,679772904,97.91
2023-06-30,0665,187145630,2577,251026953,866099618,753.82
2023-02-28,0571,430405585,5678,804732485,482160641,983.73
2023-06-30,0571,143678159,5823,851266122,576648987,992.79
2023-01-31,0201,600902216,5678,250750259,880727012,938.06
2023-02-28,0665,321613857,2356,415417202,551261601,158.86
2023-06-30,0302,653590665,5678,401481033,585811443,14.78
2023-04-30,5621,691171441,7424,286091862,951773903,721.29
2023-04-30,0665,305025023,7890,686235247,953925779,973.5
2023-01-31,0571,501045860,5678,613440547,491820137,346.85
2023-03-31,0201,557549424,7890,401481033,489643959,778.55
2023-01-31,0201,995361430,1234,499966358,651403726,511.24
2023-03-31,0665,245029085,9012,755697856,983246378,591.03
2023-04-30,0201,163678420,2356,124943561,128546034,401.03
2023-03-31,0302,995361430,2234,778226389,781144501,69.2
2023-01-31,0302,798561769,3456,672710925,274861627,732.04
2023-01-31,0201,777405081,5678,721237721,274861627,452.91
2023-01-31,0665,410783207,2234,911558663,482190583,770.18
2023-04-30,0201,672882839,7890,936463272,989854380,231.32
2023-05-31,0201,555623020,5678,672710925,697230156,604.34
2023-05-31,5621,672882839,2234,539975921,818940325,547.63
2023-03-31,0571,436863493,2234,123610772,356869281,746.56
